<?xml version="1.0" encoding="ISO-8859-1"?>
<codigosRegimenes>
<regimen codigo="10"/>
<regimen codigo="11"/>
<regimen codigo="12"/>
<regimen codigo="15"/>
<regimen codigo="20"/>
<regimen codigo="21"/>
<regimen codigo="24"/>
<regimen codigo="31"/>
<regimen codigo="32"/>
<regimen codigo="40"/>
<regimen codigo="47"/>
<regimen codigo="48"/>
<regimen codigo="49"/>
<regimen codigo="50"/>
<regimen codigo="51"/>
<regimen codigo="53"/>
<regimen codigo="54"/>
<regimen codigo="55"/>
<regimen codigo="56"/>
<regimen codigo="57"/>
<regimen codigo="58"/>
<regimen codigo="59"/>
<regimen codigo="60"/>
<regimen codigo="61"/>
<regimen codigo="70"/>
<regimen codigo="71"/>
<regimen codigo="72"/>
<regimen codigo="73"/>
<regimen codigo="74"/>
<regimen codigo="75"/>
<regimen codigo="76"/>
<regimen codigo="77"/>
<regimen codigo="78"/>
<regimen codigo="79"/>
<regimen codigo="80"/>
<regimen codigo="82"/>
<regimen codigo="90"/>
<regimen codigo="91"/>
<regimen codigo="92"/>
<regimen codigo="93"/>
<regimen codigo="94"/>
</codigosRegimenes>