<?xml version="1.0" encoding="ISO-8859-1"?>
<!-- edited with XMLSPY v5 rel. 3 U (http://www.xmlspy.com) by TEAM (RENEGADE) -->
<codigosDistritoAduanero>
	<distritoAduanero codigo="019"/>
	<distritoAduanero codigo="028"/>
	<distritoAduanero codigo="037"/>
	<distritoAduanero codigo="046"/>
	<distritoAduanero codigo="055"/>
	<distritoAduanero codigo="064"/>
	<distritoAduanero codigo="073"/>
	<distritoAduanero codigo="082"/>
	<distritoAduanero codigo="091"/>
	<distritoAduanero codigo="109"/>
	<distritoAduanero codigo="118"/>
	<distritoAduanero codigo="127"/>
	<distritoAduanero codigo="136"/>
</codigosDistritoAduanero>
