<?xml version="1.0" encoding="ISO-8859-1"?>
<tipos_comprobantes>
 <tipo_comprobante codigo="1" descripcion="FACTURA" fecha_vigencia="">
  <secuencial_transaciones>
   <secuencial_transaccion codigo="01"/>
  </secuencial_transaciones>
 </tipo_comprobante>
 <tipo_comprobante codigo="3" descripcion="LIQUIDACION DE COMPRA DE BIENES O PRESTACION DE SERVICIOS" fecha_vigencia="">
  <secuencial_transaciones>
   <secuencial_transaccion codigo="02"/>
   <secuencial_transaccion codigo="03"/>
  </secuencial_transaciones>
 </tipo_comprobante>
 <tipo_comprobante codigo="4" descripcion="NOTAS DE CREDITO" fecha_vigencia="">
  <secuencial_transaciones>
   <secuencial_transaccion codigo="01"/>
  </secuencial_transaciones>
 </tipo_comprobante>
 <tipo_comprobante codigo="5" descripcion="NOTAS DE DEBITO" fecha_vigencia="">
  <secuencial_transaciones>
   <secuencial_transaccion codigo="01"/>
  </secuencial_transaciones>
 </tipo_comprobante>
  <tipo_comprobante codigo="11" descripcion="PASAJES EMITIDOS POR EMPRESAS DE AVIACION" fecha_vigencia="">
  <secuencial_transaciones>
   <secuencial_transaccion codigo="01"/>
  </secuencial_transaciones>
 </tipo_comprobante>
 <tipo_comprobante codigo="12" descripcion="DOCUMENTOS EMITIDOS POR INSTITUCIONES FINANCIERAS" fecha_vigencia="">
  <secuencial_transaciones>
   <secuencial_transaccion codigo="01"/>
  </secuencial_transaciones>
 </tipo_comprobante>
  <tipo_comprobante codigo="21" descripcion="CARTA DE PORTE AEREO" fecha_vigencia="">
  <secuencial_transaciones>
   <secuencial_transaccion codigo="01"/>
  </secuencial_transaciones>
 </tipo_comprobante> 
</tipos_comprobantes>